{
  "timestamp": "2026-04-02T16:00:52.396969",
  "ablations": {
    "A1_drift": [
      {
        "label": "With Drift (proposed)",
        "gamma": 0.9,
        "drift_cor": 0.005,
        "buf_size": 20,
        "AA": 0.6061770226662407,
        "BWT": -0.5049232813821433,
        "avg_cov": 0.9834947183098591,
        "min_cov": 0.9339788732394366,
        "avg_sz": 6.834748156041766,
        "per_task_cp": {
          "0": {
            "coverage": 1.0,
            "set_size": 6.350230414746544
          },
          "1": {
            "coverage": 1.0,
            "set_size": 7.062921348314607
          },
          "2": {
            "coverage": 1.0,
            "set_size": 6.984819734345351
          },
          "3": {
            "coverage": 0.9339788732394366,
            "set_size": 6.941021126760563
          }
        }
      },
      {
        "label": "No Drift Compensation",
        "gamma": 0.9,
        "drift_cor": 0.0,
        "buf_size": 20,
        "AA": 0.5514363115938451,
        "BWT": -0.5785528999566482,
        "avg_cov": 0.9416630441937812,
        "min_cov": 0.8836405529953917,
        "avg_sz": 5.321343126424796,
        "per_task_cp": {
          "0": {
            "coverage": 0.8836405529953917,
            "set_size": 3.5864055299539173
          },
          "1": {
            "coverage": 0.998876404494382,
            "set_size": 6.282022471910112
          },
          "2": {
            "coverage": 0.9924098671726755,
            "set_size": 6.20303605313093
          },
          "3": {
            "coverage": 0.891725352112676,
            "set_size": 5.213908450704225
          }
        }
      }
    ],
    "A2_gamma": [
      {
        "label": "Gamma=0.9 (proposed)",
        "gamma": 0.9,
        "drift_cor": 0.005,
        "buf_size": 20,
        "AA": 0.5932672864629518,
        "BWT": -0.5238187119719219,
        "avg_cov": 0.9878352983066941,
        "min_cov": 0.9524647887323944,
        "avg_sz": 6.6161323597137915,
        "per_task_cp": {
          "0": {
            "coverage": 1.0,
            "set_size": 5.936635944700461
          },
          "1": {
            "coverage": 0.998876404494382,
            "set_size": 6.959550561797752
          },
          "2": {
            "coverage": 1.0,
            "set_size": 6.690702087286527
          },
          "3": {
            "coverage": 0.9524647887323944,
            "set_size": 6.877640845070423
          }
        }
      },
      {
        "label": "Gamma=1.0 (no decay)",
        "gamma": 1.0,
        "drift_cor": 0.005,
        "buf_size": 20,
        "AA": 0.5799711905689944,
        "BWT": -0.5431281175028909,
        "avg_cov": 0.9876760563380281,
        "min_cov": 0.9507042253521126,
        "avg_sz": 7.178712404589788,
        "per_task_cp": {
          "0": {
            "coverage": 1.0,
            "set_size": 6.608294930875576
          },
          "1": {
            "coverage": 1.0,
            "set_size": 7.519101123595505
          },
          "2": {
            "coverage": 1.0,
            "set_size": 7.626185958254269
          },
          "3": {
            "coverage": 0.9507042253521126,
            "set_size": 6.961267605633803
          }
        }
      }
    ],
    "A3_buffer": [
      {
        "label": "Buffer=5",
        "gamma": 0.9,
        "drift_cor": 0.005,
        "buf_size": 5,
        "AA": 0.2662201397412898,
        "BWT": -0.9659163846763787,
        "avg_cov": 0.9711839585902512,
        "min_cov": 0.903169014084507,
        "avg_sz": 7.391751173442591,
        "per_task_cp": {
          "0": {
            "coverage": 0.9815668202764977,
            "set_size": 7.305299539170507
          },
          "1": {
            "coverage": 1.0,
            "set_size": 7.5887640449438205
          },
          "2": {
            "coverage": 1.0,
            "set_size": 7.749525616698293
          },
          "3": {
            "coverage": 0.903169014084507,
            "set_size": 6.923415492957746
          }
        }
      },
      {
        "label": "Buffer=20 (proposed)",
        "gamma": 0.9,
        "drift_cor": 0.005,
        "buf_size": 20,
        "AA": 0.5639145341260621,
        "BWT": -0.5458278128213953,
        "avg_cov": 0.988556338028169,
        "min_cov": 0.954225352112676,
        "avg_sz": 6.975434846757238,
        "per_task_cp": {
          "0": {
            "coverage": 1.0,
            "set_size": 6.399769585253456
          },
          "1": {
            "coverage": 1.0,
            "set_size": 7.301123595505618
          },
          "2": {
            "coverage": 1.0,
            "set_size": 7.258064516129032
          },
          "3": {
            "coverage": 0.954225352112676,
            "set_size": 6.942781690140845
          }
        }
      },
      {
        "label": "Buffer=50",
        "gamma": 0.9,
        "drift_cor": 0.005,
        "buf_size": 50,
        "AA": 0.7564874430097631,
        "BWT": -0.2978635745708214,
        "avg_cov": 0.9599129406419542,
        "min_cov": 0.8415492957746479,
        "avg_sz": 6.478633631790959,
        "per_task_cp": {
          "0": {
            "coverage": 1.0,
            "set_size": 5.738479262672811
          },
          "1": {
            "coverage": 1.0,
            "set_size": 6.9820224719101125
          },
          "2": {
            "coverage": 0.9981024667931688,
            "set_size": 6.956356736242884
          },
          "3": {
            "coverage": 0.8415492957746479,
            "set_size": 6.237676056338028
          }
        }
      }
    ]
  }
}