{
  "temperature": {
    "0": {
      "accuracy": 0.599078357219696,
      "ece_before": 0.2556331753730774,
      "ece_after": 0.16588349640369415,
      "extra": "T=2.022"
    },
    "1": {
      "accuracy": 0.16067415475845337,
      "ece_before": 0.49042004346847534,
      "ece_after": 0.31177401542663574,
      "extra": "T=1.889"
    },
    "2": {
      "accuracy": 0.5882353186607361,
      "ece_before": 0.08889937400817871,
      "ece_after": 0.12274214625358582,
      "extra": "T=1.188"
    },
    "3": {
      "accuracy": 0.9991196990013123,
      "ece_before": 0.00983833521604538,
      "ece_after": 0.010896759107708931,
      "extra": "T=1.022"
    }
  },
  "platt": {
    "0": {
      "accuracy": 0.599078357219696,
      "ece_before": 0.2556331753730774,
      "ece_after": 0.07317367196083069,
      "extra": "fitted"
    },
    "1": {
      "accuracy": 0.16067415475845337,
      "ece_before": 0.49042004346847534,
      "ece_after": 0.10440396517515182,
      "extra": "fitted"
    },
    "2": {
      "accuracy": 0.5882353186607361,
      "ece_before": 0.08889937400817871,
      "ece_after": 0.08319059014320374,
      "extra": "fitted"
    },
    "3": {
      "accuracy": 0.9991196990013123,
      "ece_before": 0.00983833521604538,
      "ece_after": 0.0005835515330545604,
      "extra": "fitted"
    }
  }
}