{
  "method": "ewc",
  "timestamp": "2026-04-02T11:39:45.767277",
  "AA": 0.25,
  "BWT": -0.981602151552901,
  "FM": 0.981602151552901,
  "acc_matrix": [
    [
      0.9953917050691244,
      0.0,
      0.0,
      0.0
    ],
    [
      0.0,
      0.9797752808988764,
      0.0,
      0.0
    ],
    [
      0.0,
      0.0,
      0.969639468690702,
      0.0
    ],
    [
      0.0,
      0.0,
      0.0,
      1.0
    ]
  ]
}