{
  "method": "finetuning",
  "timestamp": "2026-04-02T11:33:46.594896",
  "AA": 0.25,
  "BWT": -0.9832855650415294,
  "FM": 0.9832855650415294,
  "acc_matrix": [
    [
      0.9976958525345622,
      0.0,
      0.0,
      0.0
    ],
    [
      0.0,
      0.9730337078651685,
      0.0,
      0.0
    ],
    [
      0.0,
      0.0,
      0.9791271347248577,
      0.0
    ],
    [
      0.0,
      0.0,
      0.0,
      1.0
    ]
  ]
}