{
  "method": "med_cpcl",
  "timestamp": "2026-04-02T15:37:14.651217",
  "AA": 0.550092009828195,
  "BWT": -0.5793726261798667,
  "FM": 0.5793726261798667,
  "acc_matrix": [
    [
      0.9965437788018433,
      0.0,
      0.0,
      0.0
    ],
    [
      0.3790322580645161,
      0.9617977528089887,
      0.0,
      0.0
    ],
    [
      0.5829493087557603,
      0.24269662921348314,
      0.9810246679316889,
      0.0
    ],
    [
      0.6854838709677419,
      0.19887640449438201,
      0.31688804554079697,
      0.9991197183098591
    ]
  ],
  "cp_results": {
    "0": {
      "0": {
        "standard": {
          "coverage": 1.0,
          "set_size": 6.697004608294931
        },
        "weighted": {
          "coverage": 0.956221198156682,
          "set_size": 7.56221198156682
        }
      }
    },
    "1": {
      "0": {
        "standard": {
          "coverage": 1.0,
          "set_size": 4.6486175115207375
        },
        "weighted": {
          "coverage": 0.9988479262672811,
          "set_size": 6.6981566820276495
        }
      },
      "1": {
        "standard": {
          "coverage": 1.0,
          "set_size": 6.20561797752809
        },
        "weighted": {
          "coverage": 0.8910112359550562,
          "set_size": 7.353932584269663
        }
      }
    },
    "2": {
      "0": {
        "standard": {
          "coverage": 0.9746543778801844,
          "set_size": 3.0495391705069124
        },
        "weighted": {
          "coverage": 1.0,
          "set_size": 6.494239631336406
        }
      },
      "1": {
        "standard": {
          "coverage": 0.9617977528089887,
          "set_size": 3.8348314606741574
        },
        "weighted": {
          "coverage": 1.0,
          "set_size": 7.213483146067416
        }
      },
      "2": {
        "standard": {
          "coverage": 0.9981024667931688,
          "set_size": 2.732447817836812
        },
        "weighted": {
          "coverage": 0.8538899430740038,
          "set_size": 6.8538899430740035
        }
      }
    },
    "3": {
      "0": {
        "standard": {
          "coverage": 1.0,
          "set_size": 5.140552995391705
        },
        "weighted": {
          "coverage": 1.0,
          "set_size": 6.054147465437788
        }
      },
      "1": {
        "standard": {
          "coverage": 0.9943820224719101,
          "set_size": 6.748314606741573
        },
        "weighted": {
          "coverage": 1.0,
          "set_size": 6.977528089887641
        }
      },
      "2": {
        "standard": {
          "coverage": 1.0,
          "set_size": 6.878557874762809
        },
        "weighted": {
          "coverage": 0.9981024667931688,
          "set_size": 6.67741935483871
        }
      },
      "3": {
        "standard": {
          "coverage": 0.9991197183098591,
          "set_size": 4.134683098591549
        },
        "weighted": {
          "coverage": 0.9357394366197183,
          "set_size": 6.460387323943662
        }
      }
    }
  }
}