{
  "seeds": [
    42,
    123,
    999
  ],
  "timestamp": "2026-04-02T16:24:13.835174",
  "results": {
    "Fine-Tuning": {
      "AA": {
        "mean": 0.25,
        "std": 0.0
      },
      "BWT": {
        "mean": -0.9856991751636017,
        "std": 0.00011824901040706666
      },
      "FM": {
        "mean": 0.9856991751636017,
        "std": 0.00011824901040706666
      }
    },
    "Experience Replay": {
      "AA": {
        "mean": 0.6109727358047038,
        "std": 0.020776093038487525
      },
      "BWT": {
        "mean": -0.5009624727020202,
        "std": 0.028085883111784147
      },
      "FM": {
        "mean": 0.5009624727020202,
        "std": 0.028085883111784147
      }
    },
    "EWC": {
      "AA": {
        "mean": 0.25,
        "std": 0.0
      },
      "BWT": {
        "mean": -0.9845201461036268,
        "std": 0.001624068998413106
      },
      "FM": {
        "mean": 0.9845201461036268,
        "std": 0.001624068998413106
      }
    },
    "Med-CPCL": {
      "AA": {
        "mean": 0.6103219766151794,
        "std": 0.019210463105046458
      },
      "BWT": {
        "mean": -0.5016532769928075,
        "std": 0.026424535278704718
      },
      "FM": {
        "mean": 0.5016532769928075,
        "std": 0.026424535278704718
      },
      "wt_avg_cov": {
        "mean": 0.9822273764308699,
        "std": 0.00311106102299853
      },
      "wt_min_cov": {
        "mean": 0.9292840375586855,
        "std": 0.012119645791117031
      },
      "wt_avg_sz": {
        "mean": 6.875628105964959,
        "std": 0.03492817739856926
      },
      "std_avg_cov": {
        "mean": 0.994578807809439,
        "std": 0.0016402663676979422
      },
      "std_avg_sz": {
        "mean": 4.828300818653044,
        "std": 0.3169480102201089
      }
    }
  }
}