{
  "method": "med_cpcl_organamnist",
  "dataset": "organamnist",
  "timestamp": "2026-04-03T01:24:39.106650",
  "AA": 0.5900945875718052,
  "BWT": -0.46797200692932733,
  "FM": 0.46797200692932733,
  "acc_matrix": [
    [
      0.8989667049368542,
      0.0,
      0.0,
      0.0
    ],
    [
      0.5893608878683505,
      0.9148317407561279,
      0.0,
      0.0
    ],
    [
      0.7424416379640261,
      0.5359368508516826,
      0.9872899926953981,
      0.0
    ],
    [
      0.5399923459624952,
      0.24096385542168675,
      0.6162162162162163,
      0.9632059326868226
    ]
  ],
  "cp_results": {
    "0": {
      "0": {
        "standard": {
          "coverage": 1.0,
          "set_size": 10.719479525449675
        },
        "weighted": {
          "coverage": 1.0,
          "set_size": 10.540757749712974
        }
      }
    },
    "1": {
      "0": {
        "standard": {
          "coverage": 1.0,
          "set_size": 10.927286643704553
        },
        "weighted": {
          "coverage": 1.0,
          "set_size": 10.666666666666666
        }
      },
      "1": {
        "standard": {
          "coverage": 1.0,
          "set_size": 10.743248857498962
        },
        "weighted": {
          "coverage": 0.9883672621520565,
          "set_size": 10.32156211051101
        }
      }
    },
    "2": {
      "0": {
        "standard": {
          "coverage": 1.0,
          "set_size": 8.592039800995025
        },
        "weighted": {
          "coverage": 1.0,
          "set_size": 9.963643321852278
        }
      },
      "1": {
        "standard": {
          "coverage": 1.0,
          "set_size": 10.84669713336103
        },
        "weighted": {
          "coverage": 1.0,
          "set_size": 10.773161611965103
        }
      },
      "2": {
        "standard": {
          "coverage": 1.0,
          "set_size": 6.493937180423667
        },
        "weighted": {
          "coverage": 0.952081811541271,
          "set_size": 9.980423666910154
        }
      }
    },
    "3": {
      "0": {
        "standard": {
          "coverage": 0.9996172981247609,
          "set_size": 8.431305013394566
        },
        "weighted": {
          "coverage": 1.0,
          "set_size": 10.815537696134712
        }
      },
      "1": {
        "standard": {
          "coverage": 0.9788117989198172,
          "set_size": 8.731616119651019
        },
        "weighted": {
          "coverage": 0.9995845450768591,
          "set_size": 10.848151225592023
        }
      },
      "2": {
        "standard": {
          "coverage": 1.0,
          "set_size": 9.049525200876552
        },
        "weighted": {
          "coverage": 1.0,
          "set_size": 10.851132213294376
        }
      },
      "3": {
        "standard": {
          "coverage": 1.0,
          "set_size": 5.700513405590416
        },
        "weighted": {
          "coverage": 1.0,
          "set_size": 10.791785510553337
        }
      }
    }
  }
}