{
  "method": "experience_replay",
  "timestamp": "2026-04-02T11:36:57.254871",
  "AA": 0.5867768776861755,
  "BWT": -0.5325046727643575,
  "FM": 0.5325046727643575,
  "acc_matrix": [
    [
      0.9861751152073732,
      0.0,
      0.0,
      0.0
    ],
    [
      0.6728110599078341,
      0.9764044943820225,
      0.0,
      0.0
    ],
    [
      0.6324884792626728,
      0.2292134831460674,
      0.9829222011385199,
      0.0
    ],
    [
      0.5990783410138248,
      0.16067415730337078,
      0.5882352941176471,
      0.9991197183098591
    ]
  ]
}