{
  "method": "standard_cp",
  "timestamp": "2026-04-02T11:44:38.870377",
  "alpha": 0.1,
  "target_coverage": 0.9,
  "experiment_A": {
    "0": {
      "q_hat": 1.0,
      "coverage": 1.0,
      "set_size": 7.8963133640553
    },
    "1": {
      "q_hat": 0.9919712543487549,
      "coverage": 0.9741573033707865,
      "set_size": 4.680898876404495
    },
    "2": {
      "q_hat": 0.9662750363349915,
      "coverage": 0.9886148007590133,
      "set_size": 3.7115749525616697
    },
    "3": {
      "q_hat": 0.9988027811050415,
      "coverage": 0.9991197183098591,
      "set_size": 3.4577464788732395
    }
  },
  "experiment_B": {
    "q_hat": 1.0,
    "per_task": {
      "0": {
        "coverage": 1.0,
        "set_size": 7.8963133640553,
        "delta": 0.09999999999999998
      },
      "1": {
        "coverage": 1.0,
        "set_size": 8.0,
        "delta": 0.09999999999999998
      },
      "2": {
        "coverage": 1.0,
        "set_size": 8.0,
        "delta": 0.09999999999999998
      },
      "3": {
        "coverage": 1.0,
        "set_size": 7.955105633802817,
        "delta": 0.09999999999999998
      }
    }
  }
}